search;regex
kbis;(^|\s)kbis(\s|$)
extrait rne;extrait.+rne
dirigeants;(^|\s)dirigeants(\s|$)
certificat qualiopi;certificat.+qualiopi
habilitation FranceCompetences;habilitation.+FranceCompetences
certificat qualibat;certificat.+qualibat
certificat qualifelec;certificat.+qualifelec
certificat rge;certificat.+rge
Budget prévisionnel;Budget.+pr[ée]visionnel
Comptes du dernier exercice clos;Comptes.+dernier.+exercice.+clos
Rapport du commissaire au compte;Rapport.+commissaire.+compte.+
Budget prévisionnel;Budget.+pr[ée]visionnel
Comptes du dernier exercice clos;Comptes.+dernier.+exercice.+clos
Rapport du commissaire au compte;Rapport.+commissaire.+compte
Rapport d'activité (le plus récent);Rapport.+activit[ée]
Rapport financier;Rapport.+financier
Arrêté de l'agrement;Arr[êe]t[ée].+agrement
Attestation d’affiliation;Attestation.+affiliation
Projet sportif;Projet.+sportif
statuts;(^|\s)statuts(\s|$)
PV assemblée générale;PV.+assembl[ée]e.+g[ée]n[ée]rale
attestation fiscale;attestation.+fiscale
attestation vigileance;attestation.+vigileance
attestation sociale;attestation.+sociale
attestation msa;attestation.+msa
attestation probtp;attestation.+probtp
carte professionnelle travaux publics;carte.+professionnelle.+travaux.+publics
certificat cibtp;certificat.+cibtp
certificat cnetp;certificat.+cnetp
certification bio;certification.+bio
certificat opqbi;certificat.+opqbi
brevets;(^|\s)brevets(\s|$)
marques déposées;marques.+d[ée]pos[ée]es
modèles déposés;mod[èe]les.+d[ée]pos[ée]s
certifcat de scolarite;certifcat.+scolarite
carte étudiant;carte.+[ée]tudiant
numéro ine;num[ée]ro.+ine
ine;(^|\s)ine(\s|$)
notification de bourse;notification.+bourse
bourse scolaire;bourse.+scolaire
attestation pole emploi;attestation.+pole.+emploi
attestation France travail;attestation.+France.+travail
attestation msa;attestation.+msa
attestation caf;attestation.+caf
quotient familial;quotient.+familial
justificatif de domicile;justificatif.+domicile
attestation rsa;attestation.+rsa
attestation revenu de solidarité active;attestation.+revenu.+solidarit[ée].+active
attestation prime d'activité;attestation.+prime.+activit[ée]
prime d'activité;prime.+activit[ée]
allocation de soutien familial;allocation.+soutien.+familial
complémentaire santé solidaire;compl[ée]mentaire.+sant[ée].+solidaire
allocation adulte handicapé;allocation.+adulte.+handicap[ée]
aah;(^|\s)aah(\s|$)
cmu;(^|\s)cmu(\s|$)
cmuc;(^|\s)cmuc(\s|$)
couverture maladie universelle complémentaire;couverture.+maladie.+universelle.+compl[ée]mentaire